{
  "swagger" : "2.0",
  "info" : {
    "version" : "2023-11-10T01:42:30Z",
    "title" : "sb-workshop-api"
  },
  "host" : "txazu9tmxc.execute-api.us-west-2.amazonaws.com",
  "basePath" : "/v1",
  "schemes" : [ "https" ],
  "paths" : {
    "/docs" : {
      "get" : {
        "produces" : [ "application/json" ],
        "responses" : {
          "200" : {
            "description" : "200 response",
            "schema" : {
              "$ref" : "#/definitions/Empty"
            }
          }
        }
      },
      "options" : {
        "consumes" : [ "application/json" ],
        "produces" : [ "application/json" ],
        "responses" : {
          "200" : {
            "description" : "200 response",
            "schema" : {
              "$ref" : "#/definitions/Empty"
            },
            "headers" : {
              "Access-Control-Allow-Origin" : {
                "type" : "string"
              },
              "Access-Control-Allow-Methods" : {
                "type" : "string"
              },
              "Access-Control-Allow-Headers" : {
                "type" : "string"
              }
            }
          }
        }
      }
    },
    "/docs/{proxy+}" : {
      "x-amazon-apigateway-any-method" : {
        "produces" : [ "application/json" ],
        "parameters" : [ {
          "name" : "proxy",
          "in" : "path",
          "required" : true,
          "type" : "string"
        } ],
        "responses" : { }
      }
    },
    "/identity" : {
      "get" : {
        "produces" : [ "application/json" ],
        "responses" : {
          "200" : {
            "description" : "200 response",
            "schema" : {
              "$ref" : "#/definitions/Empty"
            },
            "headers" : {
              "Access-Control-Allow-Origin" : {
                "type" : "string"
              }
            }
          }
        },
        "security" : [ {
          "sb-workshop-api-authorizer" : [ ]
        } ]
      },
      "post" : {
        "produces" : [ "application/json" ],
        "responses" : {
          "200" : {
            "description" : "200 response",
            "schema" : {
              "$ref" : "#/definitions/Empty"
            },
            "headers" : {
              "Access-Control-Allow-Origin" : {
                "type" : "string"
              }
            }
          }
        },
        "security" : [ {
          "sb-workshop-api-authorizer" : [ ]
        } ]
      },
      "options" : {
        "consumes" : [ "application/json" ],
        "produces" : [ "application/json" ],
        "responses" : {
          "200" : {
            "description" : "200 response",
            "schema" : {
              "$ref" : "#/definitions/Empty"
            },
            "headers" : {
              "X-Requested-With" : {
                "type" : "string"
              },
              "Access-Control-Allow-Origin" : {
                "type" : "string"
              },
              "Access-Control-Allow-Methods" : {
                "type" : "string"
              },
              "Access-Control-Max-Age" : {
                "type" : "string"
              },
              "Access-Control-Allow-Headers" : {
                "type" : "string"
              }
            }
          }
        }
      }
    },
    "/identity/providers" : {
      "get" : {
        "produces" : [ "application/json" ],
        "responses" : {
          "200" : {
            "description" : "200 response",
            "schema" : {
              "$ref" : "#/definitions/Empty"
            },
            "headers" : {
              "Access-Control-Allow-Origin" : {
                "type" : "string"
              }
            }
          }
        },
        "security" : [ {
          "sb-workshop-api-authorizer" : [ ]
        } ]
      },
      "options" : {
        "consumes" : [ "application/json" ],
        "produces" : [ "application/json" ],
        "responses" : {
          "200" : {
            "description" : "200 response",
            "schema" : {
              "$ref" : "#/definitions/Empty"
            },
            "headers" : {
              "X-Requested-With" : {
                "type" : "string"
              },
              "Access-Control-Allow-Origin" : {
                "type" : "string"
              },
              "Access-Control-Allow-Methods" : {
                "type" : "string"
              },
              "Access-Control-Max-Age" : {
                "type" : "string"
              },
              "Access-Control-Allow-Headers" : {
                "type" : "string"
              }
            }
          }
        }
      }
    },
    "/metrics" : {
      "post" : {
        "consumes" : [ "application/json" ],
        "produces" : [ "application/json" ],
        "parameters" : [ {
          "in" : "body",
          "name" : "workshMetrivtwmRkNJOosk",
          "required" : true,
          "schema" : {
            "$ref" : "#/definitions/workshMetrivtwmRkNJOosk"
          }
        } ],
        "responses" : {
          "200" : {
            "description" : "200 response",
            "schema" : {
              "$ref" : "#/definitions/Empty"
            },
            "headers" : {
              "Access-Control-Allow-Origin" : {
                "type" : "string"
              }
            }
          }
        },
        "security" : [ {
          "sb-workshop-api-authorizer" : [ ]
        } ]
      },
      "options" : {
        "consumes" : [ "application/json" ],
        "produces" : [ "application/json" ],
        "responses" : {
          "200" : {
            "description" : "200 response",
            "schema" : {
              "$ref" : "#/definitions/Empty"
            },
            "headers" : {
              "X-Requested-With" : {
                "type" : "string"
              },
              "Access-Control-Allow-Origin" : {
                "type" : "string"
              },
              "Access-Control-Allow-Methods" : {
                "type" : "string"
              },
              "Access-Control-Max-Age" : {
                "type" : "string"
              },
              "Access-Control-Allow-Headers" : {
                "type" : "string"
              }
            }
          }
        }
      }
    },
    "/onboarding" : {
      "get" : {
        "produces" : [ "application/json" ],
        "responses" : {
          "200" : {
            "description" : "200 response",
            "schema" : {
              "$ref" : "#/definitions/Empty"
            },
            "headers" : {
              "Access-Control-Allow-Origin" : {
                "type" : "string"
              }
            }
          }
        },
        "security" : [ {
          "sb-workshop-api-authorizer" : [ ]
        } ]
      },
      "post" : {
        "produces" : [ "application/json" ],
        "responses" : {
          "200" : {
            "description" : "200 response",
            "schema" : {
              "$ref" : "#/definitions/Empty"
            },
            "headers" : {
              "Access-Control-Allow-Origin" : {
                "type" : "string"
              }
            }
          }
        },
        "security" : [ {
          "sb-workshop-api-authorizer" : [ ]
        } ]
      },
      "options" : {
        "consumes" : [ "application/json" ],
        "produces" : [ "application/json" ],
        "responses" : {
          "200" : {
            "description" : "200 response",
            "schema" : {
              "$ref" : "#/definitions/Empty"
            },
            "headers" : {
              "X-Requested-With" : {
                "type" : "string"
              },
              "Access-Control-Allow-Origin" : {
                "type" : "string"
              },
              "Access-Control-Allow-Methods" : {
                "type" : "string"
              },
              "Access-Control-Max-Age" : {
                "type" : "string"
              },
              "Access-Control-Allow-Headers" : {
                "type" : "string"
              }
            }
          }
        }
      }
    },
    "/onboarding/{id}" : {
      "get" : {
        "produces" : [ "application/json" ],
        "parameters" : [ {
          "name" : "id",
          "in" : "path",
          "required" : true,
          "type" : "string"
        } ],
        "responses" : {
          "200" : {
            "description" : "200 response",
            "schema" : {
              "$ref" : "#/definitions/Empty"
            },
            "headers" : {
              "Access-Control-Allow-Origin" : {
                "type" : "string"
              }
            }
          }
        },
        "security" : [ {
          "sb-workshop-api-authorizer" : [ ]
        } ]
      },
      "options" : {
        "consumes" : [ "application/json" ],
        "produces" : [ "application/json" ],
        "parameters" : [ {
          "name" : "id",
          "in" : "path",
          "required" : true,
          "type" : "string"
        } ],
        "responses" : {
          "200" : {
            "description" : "200 response",
            "schema" : {
              "$ref" : "#/definitions/Empty"
            },
            "headers" : {
              "X-Requested-With" : {
                "type" : "string"
              },
              "Access-Control-Allow-Origin" : {
                "type" : "string"
              },
              "Access-Control-Allow-Methods" : {
                "type" : "string"
              },
              "Access-Control-Max-Age" : {
                "type" : "string"
              },
              "Access-Control-Allow-Headers" : {
                "type" : "string"
              }
            }
          }
        }
      }
    },
    "/settings" : {
      "get" : {
        "produces" : [ "application/json" ],
        "responses" : {
          "200" : {
            "description" : "200 response",
            "schema" : {
              "$ref" : "#/definitions/Empty"
            },
            "headers" : {
              "Access-Control-Allow-Origin" : {
                "type" : "string"
              }
            }
          }
        },
        "security" : [ {
          "sb-workshop-api-authorizer" : [ ]
        } ]
      },
      "options" : {
        "consumes" : [ "application/json" ],
        "produces" : [ "application/json" ],
        "responses" : {
          "200" : {
            "description" : "200 response",
            "schema" : {
              "$ref" : "#/definitions/Empty"
            },
            "headers" : {
              "X-Requested-With" : {
                "type" : "string"
              },
              "Access-Control-Allow-Origin" : {
                "type" : "string"
              },
              "Access-Control-Allow-Methods" : {
                "type" : "string"
              },
              "Access-Control-Max-Age" : {
                "type" : "string"
              },
              "Access-Control-Allow-Headers" : {
                "type" : "string"
              }
            }
          }
        }
      }
    },
    "/settings/config" : {
      "get" : {
        "produces" : [ "application/json" ],
        "responses" : {
          "200" : {
            "description" : "200 response",
            "schema" : {
              "$ref" : "#/definitions/Empty"
            },
            "headers" : {
              "Access-Control-Allow-Origin" : {
                "type" : "string"
              }
            }
          }
        },
        "security" : [ {
          "sb-workshop-api-authorizer" : [ ]
        } ]
      },
      "options" : {
        "consumes" : [ "application/json" ],
        "produces" : [ "application/json" ],
        "responses" : {
          "200" : {
            "description" : "200 response",
            "schema" : {
              "$ref" : "#/definitions/Empty"
            },
            "headers" : {
              "X-Requested-With" : {
                "type" : "string"
              },
              "Access-Control-Allow-Origin" : {
                "type" : "string"
              },
              "Access-Control-Allow-Methods" : {
                "type" : "string"
              },
              "Access-Control-Max-Age" : {
                "type" : "string"
              },
              "Access-Control-Allow-Headers" : {
                "type" : "string"
              }
            }
          }
        }
      }
    },
    "/settings/options" : {
      "get" : {
        "produces" : [ "application/json" ],
        "responses" : {
          "200" : {
            "description" : "200 response",
            "schema" : {
              "$ref" : "#/definitions/Empty"
            },
            "headers" : {
              "Access-Control-Allow-Origin" : {
                "type" : "string"
              }
            }
          }
        },
        "security" : [ {
          "sb-workshop-api-authorizer" : [ ]
        } ]
      },
      "options" : {
        "consumes" : [ "application/json" ],
        "produces" : [ "application/json" ],
        "responses" : {
          "200" : {
            "description" : "200 response",
            "schema" : {
              "$ref" : "#/definitions/Empty"
            },
            "headers" : {
              "X-Requested-With" : {
                "type" : "string"
              },
              "Access-Control-Allow-Origin" : {
                "type" : "string"
              },
              "Access-Control-Allow-Methods" : {
                "type" : "string"
              },
              "Access-Control-Max-Age" : {
                "type" : "string"
              },
              "Access-Control-Allow-Headers" : {
                "type" : "string"
              }
            }
          }
        }
      }
    },
    "/settings/{id}" : {
      "get" : {
        "produces" : [ "application/json" ],
        "parameters" : [ {
          "name" : "id",
          "in" : "path",
          "required" : true,
          "type" : "string"
        } ],
        "responses" : {
          "200" : {
            "description" : "200 response",
            "schema" : {
              "$ref" : "#/definitions/Empty"
            },
            "headers" : {
              "Access-Control-Allow-Origin" : {
                "type" : "string"
              }
            }
          }
        },
        "security" : [ {
          "sb-workshop-api-authorizer" : [ ]
        } ]
      },
      "options" : {
        "consumes" : [ "application/json" ],
        "produces" : [ "application/json" ],
        "parameters" : [ {
          "name" : "id",
          "in" : "path",
          "required" : true,
          "type" : "string"
        } ],
        "responses" : {
          "200" : {
            "description" : "200 response",
            "schema" : {
              "$ref" : "#/definitions/Empty"
            },
            "headers" : {
              "X-Requested-With" : {
                "type" : "string"
              },
              "Access-Control-Allow-Origin" : {
                "type" : "string"
              },
              "Access-Control-Allow-Methods" : {
                "type" : "string"
              },
              "Access-Control-Max-Age" : {
                "type" : "string"
              },
              "Access-Control-Allow-Headers" : {
                "type" : "string"
              }
            }
          }
        }
      }
    },
    "/sysusers" : {
      "get" : {
        "produces" : [ "application/json" ],
        "responses" : {
          "200" : {
            "description" : "200 response",
            "schema" : {
              "$ref" : "#/definitions/Empty"
            },
            "headers" : {
              "Access-Control-Allow-Origin" : {
                "type" : "string"
              }
            }
          }
        },
        "security" : [ {
          "sb-workshop-api-authorizer" : [ ]
        } ]
      },
      "post" : {
        "produces" : [ "application/json" ],
        "responses" : {
          "200" : {
            "description" : "200 response",
            "schema" : {
              "$ref" : "#/definitions/Empty"
            },
            "headers" : {
              "Access-Control-Allow-Origin" : {
                "type" : "string"
              }
            }
          }
        },
        "security" : [ {
          "sb-workshop-api-authorizer" : [ ]
        } ]
      },
      "options" : {
        "consumes" : [ "application/json" ],
        "produces" : [ "application/json" ],
        "responses" : {
          "200" : {
            "description" : "200 response",
            "schema" : {
              "$ref" : "#/definitions/Empty"
            },
            "headers" : {
              "X-Requested-With" : {
                "type" : "string"
              },
              "Access-Control-Allow-Origin" : {
                "type" : "string"
              },
              "Access-Control-Allow-Methods" : {
                "type" : "string"
              },
              "Access-Control-Max-Age" : {
                "type" : "string"
              },
              "Access-Control-Allow-Headers" : {
                "type" : "string"
              }
            }
          }
        }
      }
    },
    "/sysusers/{id}" : {
      "get" : {
        "produces" : [ "application/json" ],
        "parameters" : [ {
          "name" : "id",
          "in" : "path",
          "required" : true,
          "type" : "string"
        } ],
        "responses" : {
          "200" : {
            "description" : "200 response",
            "schema" : {
              "$ref" : "#/definitions/Empty"
            },
            "headers" : {
              "Access-Control-Allow-Origin" : {
                "type" : "string"
              }
            }
          }
        },
        "security" : [ {
          "sb-workshop-api-authorizer" : [ ]
        } ]
      },
      "put" : {
        "produces" : [ "application/json" ],
        "parameters" : [ {
          "name" : "id",
          "in" : "path",
          "required" : true,
          "type" : "string"
        } ],
        "responses" : {
          "200" : {
            "description" : "200 response",
            "schema" : {
              "$ref" : "#/definitions/Empty"
            },
            "headers" : {
              "Access-Control-Allow-Origin" : {
                "type" : "string"
              }
            }
          }
        },
        "security" : [ {
          "sb-workshop-api-authorizer" : [ ]
        } ]
      },
      "delete" : {
        "produces" : [ "application/json" ],
        "parameters" : [ {
          "name" : "id",
          "in" : "path",
          "required" : true,
          "type" : "string"
        } ],
        "responses" : {
          "200" : {
            "description" : "200 response",
            "schema" : {
              "$ref" : "#/definitions/Empty"
            },
            "headers" : {
              "Access-Control-Allow-Origin" : {
                "type" : "string"
              }
            }
          }
        },
        "security" : [ {
          "sb-workshop-api-authorizer" : [ ]
        } ]
      },
      "options" : {
        "consumes" : [ "application/json" ],
        "produces" : [ "application/json" ],
        "parameters" : [ {
          "name" : "id",
          "in" : "path",
          "required" : true,
          "type" : "string"
        } ],
        "responses" : {
          "200" : {
            "description" : "200 response",
            "schema" : {
              "$ref" : "#/definitions/Empty"
            },
            "headers" : {
              "X-Requested-With" : {
                "type" : "string"
              },
              "Access-Control-Allow-Origin" : {
                "type" : "string"
              },
              "Access-Control-Allow-Methods" : {
                "type" : "string"
              },
              "Access-Control-Max-Age" : {
                "type" : "string"
              },
              "Access-Control-Allow-Headers" : {
                "type" : "string"
              }
            }
          }
        }
      }
    },
    "/sysusers/{id}/disable" : {
      "options" : {
        "consumes" : [ "application/json" ],
        "produces" : [ "application/json" ],
        "parameters" : [ {
          "name" : "id",
          "in" : "path",
          "required" : true,
          "type" : "string"
        } ],
        "responses" : {
          "200" : {
            "description" : "200 response",
            "schema" : {
              "$ref" : "#/definitions/Empty"
            },
            "headers" : {
              "X-Requested-With" : {
                "type" : "string"
              },
              "Access-Control-Allow-Origin" : {
                "type" : "string"
              },
              "Access-Control-Allow-Methods" : {
                "type" : "string"
              },
              "Access-Control-Max-Age" : {
                "type" : "string"
              },
              "Access-Control-Allow-Headers" : {
                "type" : "string"
              }
            }
          }
        }
      },
      "patch" : {
        "produces" : [ "application/json" ],
        "parameters" : [ {
          "name" : "id",
          "in" : "path",
          "required" : true,
          "type" : "string"
        } ],
        "responses" : {
          "200" : {
            "description" : "200 response",
            "schema" : {
              "$ref" : "#/definitions/Empty"
            },
            "headers" : {
              "Access-Control-Allow-Origin" : {
                "type" : "string"
              }
            }
          }
        },
        "security" : [ {
          "sb-workshop-api-authorizer" : [ ]
        } ]
      }
    },
    "/sysusers/{id}/enable" : {
      "options" : {
        "consumes" : [ "application/json" ],
        "produces" : [ "application/json" ],
        "parameters" : [ {
          "name" : "id",
          "in" : "path",
          "required" : true,
          "type" : "string"
        } ],
        "responses" : {
          "200" : {
            "description" : "200 response",
            "schema" : {
              "$ref" : "#/definitions/Empty"
            },
            "headers" : {
              "X-Requested-With" : {
                "type" : "string"
              },
              "Access-Control-Allow-Origin" : {
                "type" : "string"
              },
              "Access-Control-Allow-Methods" : {
                "type" : "string"
              },
              "Access-Control-Max-Age" : {
                "type" : "string"
              },
              "Access-Control-Allow-Headers" : {
                "type" : "string"
              }
            }
          }
        }
      },
      "patch" : {
        "produces" : [ "application/json" ],
        "parameters" : [ {
          "name" : "id",
          "in" : "path",
          "required" : true,
          "type" : "string"
        } ],
        "responses" : {
          "200" : {
            "description" : "200 response",
            "schema" : {
              "$ref" : "#/definitions/Empty"
            },
            "headers" : {
              "Access-Control-Allow-Origin" : {
                "type" : "string"
              }
            }
          }
        },
        "security" : [ {
          "sb-workshop-api-authorizer" : [ ]
        } ]
      }
    },
    "/tenants" : {
      "get" : {
        "produces" : [ "application/json" ],
        "responses" : {
          "200" : {
            "description" : "200 response",
            "schema" : {
              "$ref" : "#/definitions/Empty"
            },
            "headers" : {
              "Access-Control-Allow-Origin" : {
                "type" : "string"
              }
            }
          }
        },
        "security" : [ {
          "sb-workshop-api-authorizer" : [ ]
        } ]
      },
      "post" : {
        "produces" : [ "application/json" ],
        "responses" : {
          "200" : {
            "description" : "200 response",
            "schema" : {
              "$ref" : "#/definitions/Empty"
            },
            "headers" : {
              "Access-Control-Allow-Origin" : {
                "type" : "string"
              }
            }
          }
        },
        "security" : [ {
          "sb-workshop-api-authorizer" : [ ]
        } ]
      },
      "options" : {
        "consumes" : [ "application/json" ],
        "produces" : [ "application/json" ],
        "responses" : {
          "200" : {
            "description" : "200 response",
            "schema" : {
              "$ref" : "#/definitions/Empty"
            },
            "headers" : {
              "X-Requested-With" : {
                "type" : "string"
              },
              "Access-Control-Allow-Origin" : {
                "type" : "string"
              },
              "Access-Control-Allow-Methods" : {
                "type" : "string"
              },
              "Access-Control-Max-Age" : {
                "type" : "string"
              },
              "Access-Control-Allow-Headers" : {
                "type" : "string"
              }
            }
          }
        }
      }
    },
    "/tenants/{id}" : {
      "get" : {
        "produces" : [ "application/json" ],
        "parameters" : [ {
          "name" : "id",
          "in" : "path",
          "required" : true,
          "type" : "string"
        } ],
        "responses" : {
          "200" : {
            "description" : "200 response",
            "schema" : {
              "$ref" : "#/definitions/Empty"
            },
            "headers" : {
              "Access-Control-Allow-Origin" : {
                "type" : "string"
              }
            }
          }
        },
        "security" : [ {
          "sb-workshop-api-authorizer" : [ ]
        } ]
      },
      "put" : {
        "produces" : [ "application/json" ],
        "parameters" : [ {
          "name" : "id",
          "in" : "path",
          "required" : true,
          "type" : "string"
        } ],
        "responses" : {
          "200" : {
            "description" : "200 response",
            "schema" : {
              "$ref" : "#/definitions/Empty"
            },
            "headers" : {
              "Access-Control-Allow-Origin" : {
                "type" : "string"
              }
            }
          }
        },
        "security" : [ {
          "sb-workshop-api-authorizer" : [ ]
        } ]
      },
      "delete" : {
        "produces" : [ "application/json" ],
        "parameters" : [ {
          "name" : "id",
          "in" : "path",
          "required" : true,
          "type" : "string"
        } ],
        "responses" : {
          "200" : {
            "description" : "200 response",
            "schema" : {
              "$ref" : "#/definitions/Empty"
            },
            "headers" : {
              "Access-Control-Allow-Origin" : {
                "type" : "string"
              }
            }
          }
        },
        "security" : [ {
          "sb-workshop-api-authorizer" : [ ]
        } ]
      },
      "options" : {
        "consumes" : [ "application/json" ],
        "produces" : [ "application/json" ],
        "parameters" : [ {
          "name" : "id",
          "in" : "path",
          "required" : true,
          "type" : "string"
        } ],
        "responses" : {
          "200" : {
            "description" : "200 response",
            "schema" : {
              "$ref" : "#/definitions/Empty"
            },
            "headers" : {
              "X-Requested-With" : {
                "type" : "string"
              },
              "Access-Control-Allow-Origin" : {
                "type" : "string"
              },
              "Access-Control-Allow-Methods" : {
                "type" : "string"
              },
              "Access-Control-Max-Age" : {
                "type" : "string"
              },
              "Access-Control-Allow-Headers" : {
                "type" : "string"
              }
            }
          }
        }
      }
    },
    "/tenants/{id}/disable" : {
      "options" : {
        "consumes" : [ "application/json" ],
        "produces" : [ "application/json" ],
        "parameters" : [ {
          "name" : "id",
          "in" : "path",
          "required" : true,
          "type" : "string"
        } ],
        "responses" : {
          "200" : {
            "description" : "200 response",
            "schema" : {
              "$ref" : "#/definitions/Empty"
            },
            "headers" : {
              "X-Requested-With" : {
                "type" : "string"
              },
              "Access-Control-Allow-Origin" : {
                "type" : "string"
              },
              "Access-Control-Allow-Methods" : {
                "type" : "string"
              },
              "Access-Control-Max-Age" : {
                "type" : "string"
              },
              "Access-Control-Allow-Headers" : {
                "type" : "string"
              }
            }
          }
        }
      },
      "patch" : {
        "produces" : [ "application/json" ],
        "parameters" : [ {
          "name" : "id",
          "in" : "path",
          "required" : true,
          "type" : "string"
        } ],
        "responses" : {
          "200" : {
            "description" : "200 response",
            "schema" : {
              "$ref" : "#/definitions/Empty"
            },
            "headers" : {
              "Access-Control-Allow-Origin" : {
                "type" : "string"
              }
            }
          }
        },
        "security" : [ {
          "sb-workshop-api-authorizer" : [ ]
        } ]
      }
    },
    "/tenants/{id}/enable" : {
      "options" : {
        "consumes" : [ "application/json" ],
        "produces" : [ "application/json" ],
        "parameters" : [ {
          "name" : "id",
          "in" : "path",
          "required" : true,
          "type" : "string"
        } ],
        "responses" : {
          "200" : {
            "description" : "200 response",
            "schema" : {
              "$ref" : "#/definitions/Empty"
            },
            "headers" : {
              "X-Requested-With" : {
                "type" : "string"
              },
              "Access-Control-Allow-Origin" : {
                "type" : "string"
              },
              "Access-Control-Allow-Methods" : {
                "type" : "string"
              },
              "Access-Control-Max-Age" : {
                "type" : "string"
              },
              "Access-Control-Allow-Headers" : {
                "type" : "string"
              }
            }
          }
        }
      },
      "patch" : {
        "produces" : [ "application/json" ],
        "parameters" : [ {
          "name" : "id",
          "in" : "path",
          "required" : true,
          "type" : "string"
        } ],
        "responses" : {
          "200" : {
            "description" : "200 response",
            "schema" : {
              "$ref" : "#/definitions/Empty"
            },
            "headers" : {
              "Access-Control-Allow-Origin" : {
                "type" : "string"
              }
            }
          }
        },
        "security" : [ {
          "sb-workshop-api-authorizer" : [ ]
        } ]
      }
    },
    "/tiers" : {
      "get" : {
        "produces" : [ "application/json" ],
        "parameters" : [ {
          "name" : "id",
          "in" : "path",
          "required" : true,
          "type" : "string"
        } ],
        "responses" : {
          "200" : {
            "description" : "200 response",
            "schema" : {
              "$ref" : "#/definitions/Empty"
            },
            "headers" : {
              "Access-Control-Allow-Origin" : {
                "type" : "string"
              }
            }
          }
        },
        "security" : [ {
          "sb-workshop-api-authorizer" : [ ]
        } ]
      },
      "post" : {
        "produces" : [ "application/json" ],
        "parameters" : [ {
          "name" : "id",
          "in" : "path",
          "required" : true,
          "type" : "string"
        } ],
        "responses" : {
          "200" : {
            "description" : "200 response",
            "schema" : {
              "$ref" : "#/definitions/Empty"
            },
            "headers" : {
              "Access-Control-Allow-Origin" : {
                "type" : "string"
              }
            }
          }
        },
        "security" : [ {
          "sb-workshop-api-authorizer" : [ ]
        } ]
      },
      "options" : {
        "consumes" : [ "application/json" ],
        "produces" : [ "application/json" ],
        "responses" : {
          "200" : {
            "description" : "200 response",
            "schema" : {
              "$ref" : "#/definitions/Empty"
            },
            "headers" : {
              "X-Requested-With" : {
                "type" : "string"
              },
              "Access-Control-Allow-Origin" : {
                "type" : "string"
              },
              "Access-Control-Allow-Methods" : {
                "type" : "string"
              },
              "Access-Control-Max-Age" : {
                "type" : "string"
              },
              "Access-Control-Allow-Headers" : {
                "type" : "string"
              }
            }
          }
        }
      }
    },
    "/tiers/{id}" : {
      "get" : {
        "produces" : [ "application/json" ],
        "parameters" : [ {
          "name" : "id",
          "in" : "path",
          "required" : true,
          "type" : "string"
        } ],
        "responses" : {
          "200" : {
            "description" : "200 response",
            "schema" : {
              "$ref" : "#/definitions/Empty"
            },
            "headers" : {
              "Access-Control-Allow-Origin" : {
                "type" : "string"
              }
            }
          }
        },
        "security" : [ {
          "sb-workshop-api-authorizer" : [ ]
        } ]
      },
      "put" : {
        "produces" : [ "application/json" ],
        "parameters" : [ {
          "name" : "id",
          "in" : "path",
          "required" : true,
          "type" : "string"
        } ],
        "responses" : {
          "200" : {
            "description" : "200 response",
            "schema" : {
              "$ref" : "#/definitions/Empty"
            },
            "headers" : {
              "Access-Control-Allow-Origin" : {
                "type" : "string"
              }
            }
          }
        },
        "security" : [ {
          "sb-workshop-api-authorizer" : [ ]
        } ]
      },
      "delete" : {
        "produces" : [ "application/json" ],
        "parameters" : [ {
          "name" : "id",
          "in" : "path",
          "required" : true,
          "type" : "string"
        } ],
        "responses" : {
          "200" : {
            "description" : "200 response",
            "schema" : {
              "$ref" : "#/definitions/Empty"
            },
            "headers" : {
              "Access-Control-Allow-Origin" : {
                "type" : "string"
              }
            }
          }
        },
        "security" : [ {
          "sb-workshop-api-authorizer" : [ ]
        } ]
      },
      "options" : {
        "consumes" : [ "application/json" ],
        "produces" : [ "application/json" ],
        "parameters" : [ {
          "name" : "id",
          "in" : "path",
          "required" : true,
          "type" : "string"
        } ],
        "responses" : {
          "200" : {
            "description" : "200 response",
            "schema" : {
              "$ref" : "#/definitions/Empty"
            },
            "headers" : {
              "X-Requested-With" : {
                "type" : "string"
              },
              "Access-Control-Allow-Origin" : {
                "type" : "string"
              },
              "Access-Control-Allow-Methods" : {
                "type" : "string"
              },
              "Access-Control-Max-Age" : {
                "type" : "string"
              },
              "Access-Control-Allow-Headers" : {
                "type" : "string"
              }
            }
          }
        }
      }
    }
  },
  "securityDefinitions" : {
    "sb-workshop-api-authorizer" : {
      "type" : "apiKey",
      "name" : "Authorization",
      "in" : "header",
      "x-amazon-apigateway-authtype" : "custom"
    }
  },
  "definitions" : {
    "Empty" : {
      "type" : "object",
      "title" : "Empty Schema"
    },
    "Metric" : {
      "type" : "object",
      "required" : [ "context", "name" ],
      "properties" : {
        "name" : {
          "type" : "string"
        },
        "timestamp" : {
          "type" : "number"
        },
        "measure" : {
          "type" : "object",
          "properties" : {
            "type" : {
              "type" : "string",
              "enum" : [ "count", "total", "min", "max" ]
            },
            "value" : {
              "type" : "number"
            },
            "unit" : {
              "type" : "string"
            }
          }
        },
        "context" : {
          "type" : "object",
          "properties" : {
            "TenantId" : {
              "type" : "string"
            },
            "UserId" : {
              "type" : "string"
            },
            "RequestId" : {
              "type" : "string"
            },
            "Action" : {
              "type" : "string"
            },
            "Application" : {
              "type" : "string"
            }
          }
        }
      },
      "title" : "Metric"
    },
    "workshMetrivtwmRkNJOosk" : {
      "title" : "Metric List",
      "type" : "array",
      "description" : "List of metrics",
      "items" : {
        "$ref" : "#/definitions/Metric"
      }
    }
  }
}